Frame name,Label,Fold
00001.jpg,N,2
00002.jpg,N,4
00003.jpg,N,1
00004.jpg,N,4
00005.jpg,N,3
00006.jpg,N,3
00007.jpg,N,4
00008.jpg,N,5
00009.jpg,N,2
00010.jpg,N,3
00011.jpg,N,4
00012.jpg,N,4
00013.jpg,N,4
00014.jpg,N,4
00015.jpg,N,4
00016.jpg,N,2
00017.jpg,N,2
00018.jpg,N,5
00019.jpg,N,1
00020.jpg,N,1
00021.jpg,U>10,4
00022.jpg,U>10,5
00023.jpg,U>10,2
00024.jpg,U>10,1
00025.jpg,U>10,2
00026.jpg,U>10,5
00027.jpg,U>10,4
00028.jpg,U>10,4
00029.jpg,U>10,4
00030.jpg,U>10,5
00031.jpg,U>10,2
00032.jpg,U>10,5
00033.jpg,U>10,2
00034.jpg,U>10,5
00035.jpg,U>10,3
00036.jpg,U>10,5
00037.jpg,U3-10,3
00038.jpg,E,2
00039.jpg,N,4
00040.jpg,N,3
00041.jpg,AU,4
00043.jpg,U3-10,2
00044.jpg,AU,4
00045.jpg,AU,5
00046.jpg,AU,3
00047.jpg,AU,2
00048.jpg,AU,4
00049.jpg,AU,5
00050.jpg,AU,3
00051.jpg,AU,5
00052.jpg,N,2
00053.jpg,N,1
00054.jpg,N,2
00055.jpg,N,3
00056.jpg,N,5
00057.jpg,N,2
00058.jpg,N,4
00059.jpg,N,5
00060.jpg,N,1
00061.jpg,N,5
00062.jpg,N,3
00063.jpg,N,1
00064.jpg,N,2
00065.jpg,N,3
00066.jpg,N,5
00067.jpg,N,4
00068.jpg,N,3
00069.jpg,N,4
00070.jpg,N,5
00071.jpg,N,4
00072.jpg,U3-10,2
00073.jpg,N,5
00074.jpg,N,5
00075.jpg,N,4
00076.jpg,N,3
00077.jpg,N,4
00078.jpg,N,2
00079.jpg,N,5
00080.jpg,N,3
00081.jpg,N,1
00082.jpg,N,2
00083.jpg,N,5
00084.jpg,N,3
00085.jpg,N,4
00086.jpg,N,2
00087.jpg,N,5
00088.jpg,N,3
00089.jpg,N,1
00090.jpg,N,4
00091.jpg,N,2
00092.jpg,N,4
00094.jpg,N,1
00095.jpg,N,1
00096.jpg,N,4
00097.jpg,N,4
00098.jpg,O,5
00099.jpg,O,5
00100.jpg,N,1
00101.jpg,N,4
00102.jpg,N,2
00103.jpg,N,1
00104.jpg,N,3
00105.jpg,N,3
00106.jpg,N,1
00107.jpg,N,2
00108.jpg,N,1
00109.jpg,N,1
00110.jpg,N,3
00111.jpg,N,5
00112.jpg,E,1
00113.jpg,N,1
00114.jpg,N,3
00115.jpg,N,4
00116.jpg,N,2
00117.jpg,N,5
00118.jpg,N,4
00119.jpg,N,4
00120.jpg,N,3
00121.jpg,N,3
00122.jpg,N,3
00123.jpg,N,5
00124.jpg,N,4
00125.jpg,N,3
00126.jpg,N,5
00127.jpg,N,5
00128.jpg,N,5
00129.jpg,N,1
00130.jpg,N,4
00131.jpg,N,2
00132.jpg,N,2
00133.jpg,N,4
00134.jpg,N,3
00135.jpg,N,2
00136.jpg,N,2
00137.jpg,N,4
00138.jpg,N,1
00139.jpg,N,4
00140.jpg,N,1
00141.jpg,N,3
00142.jpg,N,2
00143.jpg,N,3
00144.jpg,N,2
00145.jpg,N,1
00146.jpg,N,3
00147.jpg,N,1
00148.jpg,N,3
00149.jpg,N,4
00150.jpg,N,4
00151.jpg,N,3
00152.jpg,N,3
00153.jpg,N,3
00154.jpg,N,2
00155.jpg,N,4
00156.jpg,N,2
00157.jpg,N,4
00158.jpg,N,3
00159.jpg,U3-10,1
00160.jpg,U3-10,1
00161.jpg,S,2
00162.jpg,S,1
00163.jpg,S,2
00164.jpg,S,5
00165.jpg,S,4
00166.jpg,S,1
00167.jpg,S,2
00168.jpg,S,1
00169.jpg,S,5
00170.jpg,N,3
00171.jpg,S,2
00172.jpg,S,3
00173.jpg,S,4
00174.jpg,S,4
00175.jpg,O,3
00176.jpg,S,5
00177.jpg,S,4
00178.jpg,S,4
00179.jpg,U3-10,2
00180.jpg,U3-10,3
00181.jpg,U3-10,4
00182.jpg,N,1
00183.jpg,U3-10,4
00184.jpg,N,2
00185.jpg,N,2
00186.jpg,U3-10,3
00187.jpg,U3-10,5
00188.jpg,U3-10,3
00189.jpg,N,3
00193.jpg,AU,3
00194.jpg,U3-10,2
00195.jpg,S,4
00196.jpg,U3-10,2
00197.jpg,S,2
00198.jpg,U3-10,2
00199.jpg,N,2
00200.jpg,N,5
00202.jpg,N,3
00203.jpg,N,4
00204.jpg,O,1
00205.jpg,AU,2
00206.jpg,AU,1
00207.jpg,AU,2
00208.jpg,U3-10,5
00209.jpg,U3-10,2
00210.jpg,N,1
00211.jpg,N,5
00212.jpg,U3-10,4
00213.jpg,N,5
00214.jpg,AU,5
00215.jpg,AU,5
00216.jpg,N,4
00217.jpg,AU,2
00218.jpg,U3-10,1
00219.jpg,N,1
00220.jpg,U3-10,5
00221.jpg,N,1
00223.jpg,N,5
00224.jpg,N,1
00225.jpg,N,1
00226.jpg,N,5
00227.jpg,N,1
00228.jpg,N,3
00229.jpg,N,2
00230.jpg,N,4
00231.jpg,N,4
00232.jpg,N,4
00233.jpg,N,3
00234.jpg,O,3
00235.jpg,U>10,4
00236.jpg,U>10,1
00237.jpg,U>10,4
00238.jpg,U>10,5
00239.jpg,U>10,3
00240.jpg,U>10,2
00241.jpg,O,5
00242.jpg,O,3
00243.jpg,U3-10,3
00244.jpg,U>10,5
00245.jpg,O,1
00246.jpg,U>10,2
00247.jpg,U>10,3
00248.jpg,N,5
00249.jpg,O,1
00250.jpg,O,2
00251.jpg,O,3
00252.jpg,U>10,5
00253.jpg,U>10,3
00254.jpg,U>10,5
00255.jpg,U>10,3
00256.jpg,U>10,4
00257.jpg,U>10,5
00258.jpg,U>10,3
00259.jpg,U>10,4
00260.jpg,U>10,1
00261.jpg,U>10,2
00262.jpg,U>10,4
00263.jpg,U>10,5
00264.jpg,U>10,3
00265.jpg,U>10,1
00266.jpg,U>10,4
00267.jpg,U>10,5
00268.jpg,U>10,5
00269.jpg,U>10,2
00270.jpg,U>10,4
00271.jpg,O,5
00272.jpg,O,1
00273.jpg,O,1
00274.jpg,U3-10,3
00275.jpg,U3-10,1
00276.jpg,U3-10,4
00277.jpg,U3-10,3
00278.jpg,U3-10,4
00279.jpg,U3-10,3
00280.jpg,S,1
00281.jpg,U>10,3
00282.jpg,U>10,5
00283.jpg,U>10,2
00284.jpg,U3-10,3
00285.jpg,U>10,5
00286.jpg,U>10,5
00287.jpg,U>10,5
00288.jpg,U>10,5
00289.jpg,U>10,1
00290.jpg,U>10,3
00291.jpg,S,1
00292.jpg,S,5
00293.jpg,S,4
00294.jpg,S,3
00295.jpg,S,2
00296.jpg,N,4
00297.jpg,N,1
00298.jpg,N,1
00299.jpg,N,4
00300.jpg,N,1
00301.jpg,AU,3
00302.jpg,AU,1
00303.jpg,AU,3
00304.jpg,N,5
00305.jpg,AU,3
00306.jpg,N,5
00307.jpg,E,2
00308.jpg,U3-10,5
00309.jpg,U3-10,4
00310.jpg,U3-10,3
00311.jpg,U3-10,1
00312.jpg,U3-10,4
00314.jpg,U3-10,4
00315.jpg,U3-10,5
00316.jpg,U3-10,5
00317.jpg,U3-10,2
00318.jpg,U3-10,4
00319.jpg,U3-10,1
00320.jpg,U3-10,5
00321.jpg,U>10,2
00322.jpg,N,2
00323.jpg,N,2
00324.jpg,E,5
00325.jpg,E,4
00326.jpg,E,3
00327.jpg,E,3
00328.jpg,E,2
00329.jpg,E,3
00330.jpg,E,1
00331.jpg,E,1
00332.jpg,E,1
00333.jpg,N,2
00334.jpg,N,5
00335.jpg,N,3
00336.jpg,N,1
00337.jpg,N,2
00338.jpg,N,4
00339.jpg,N,1
00340.jpg,N,5
00341.jpg,N,1
00342.jpg,N,2
00343.jpg,N,4
00344.jpg,N,2
00345.jpg,N,2
00346.jpg,N,5
00347.jpg,N,2
00348.jpg,AU,4
00349.jpg,E,3
00350.jpg,N,3
00351.jpg,N,4
00352.jpg,N,3
00353.jpg,N,5
00354.jpg,N,3
00355.jpg,N,1
00356.jpg,N,1
00357.jpg,N,3
00358.jpg,N,4
00359.jpg,N,4
00360.jpg,N,3
00361.jpg,N,1
00362.jpg,N,2
00363.jpg,N,5
00364.jpg,N,1
00365.jpg,N,1
00366.jpg,N,2
00367.jpg,N,3
00368.jpg,N,2
00369.jpg,N,3
00370.jpg,N,1
00371.jpg,N,5
00372.jpg,N,4
00373.jpg,N,3
00374.jpg,N,2
00375.jpg,N,1
00376.jpg,N,3
00377.jpg,N,2
00378.jpg,N,2
00379.jpg,N,4
00380.jpg,N,2
00381.jpg,N,2
00382.jpg,N,1
00383.jpg,N,1
00384.jpg,N,1
00385.jpg,N,5
00386.jpg,N,2
00387.jpg,N,2
00388.jpg,N,3
00389.jpg,N,2
00390.jpg,N,1
00391.jpg,N,2
00392.jpg,N,1
00393.jpg,N,5
00394.jpg,N,1
00395.jpg,N,4
00396.jpg,N,5
00397.jpg,N,2
00398.jpg,N,1
00399.jpg,N,1
00400.jpg,N,4
00401.jpg,N,3
00402.jpg,N,3
00403.jpg,N,4
00404.jpg,N,2
00405.jpg,N,5
00406.jpg,N,4
00407.jpg,N,3
00408.jpg,N,1
00409.jpg,N,1
00410.jpg,N,5
00411.jpg,N,1
00412.jpg,N,5
00413.jpg,N,2
00414.jpg,N,3
00415.jpg,N,4
00416.jpg,U3-10,4
00417.jpg,N,5
00418.jpg,U3-10,5
00419.jpg,N,3
00420.jpg,N,4
00421.jpg,N,4
00422.jpg,N,5
00423.jpg,N,2
00424.jpg,N,3
00425.jpg,N,1
00426.jpg,N,5
00427.jpg,N,2
00428.jpg,N,5
00429.jpg,N,2
00430.jpg,N,3
00431.jpg,N,4
00432.jpg,N,5
00433.jpg,N,2
00434.jpg,N,5
00435.jpg,N,3
00436.jpg,N,5
00437.jpg,N,2
00438.jpg,N,1
00439.jpg,N,1
00440.jpg,N,5
00441.jpg,N,5
00442.jpg,N,4
00443.jpg,N,2
00444.jpg,N,1
00445.jpg,N,2
00446.jpg,N,1
00447.jpg,N,5
00448.jpg,N,5
00449.jpg,N,5
00450.jpg,N,4
00451.jpg,N,2
00452.jpg,N,2
00453.jpg,N,5
00454.jpg,N,5
00455.jpg,N,3
00456.jpg,N,4
00457.jpg,N,1
00458.jpg,N,3
00459.jpg,N,4
00460.jpg,N,4
00461.jpg,N,2
00462.jpg,N,1
00463.jpg,N,3
00464.jpg,N,3
00465.jpg,N,5
00466.jpg,N,5
00467.jpg,N,4
00468.jpg,N,4
00469.jpg,N,3
00470.jpg,N,5
00471.jpg,N,5
00472.jpg,N,2
00473.jpg,N,5
00474.jpg,N,5
00475.jpg,N,3
00476.jpg,N,5
00477.jpg,N,3
00478.jpg,N,5
00479.jpg,N,5
00480.jpg,N,3
00481.jpg,N,2
00482.jpg,N,3
00483.jpg,N,2
00484.jpg,N,4
00485.jpg,N,4
00486.jpg,N,5
00487.jpg,N,4
00488.jpg,N,5
00489.jpg,N,3
00490.jpg,N,2
00491.jpg,N,4
00492.jpg,N,1
00493.jpg,N,5
00494.jpg,N,4
00495.jpg,N,4
00496.jpg,N,1
00497.jpg,N,5
00498.jpg,N,3
00499.jpg,N,3
00500.jpg,N,2
00501.jpg,N,3
00502.jpg,N,4
00503.jpg,N,3
00504.jpg,AU,4
00505.jpg,U3-10,5
00506.jpg,O,2
00507.jpg,N,3
00508.jpg,N,5
00509.jpg,N,5
00510.jpg,N,5
00511.jpg,N,5
00512.jpg,N,5
00513.jpg,N,3
00514.jpg,N,4
00515.jpg,N,5
00516.jpg,N,2
00517.jpg,N,4
00518.jpg,N,5
00519.jpg,N,4
00520.jpg,N,1
00521.jpg,N,1
00522.jpg,N,3
00523.jpg,N,1
00524.jpg,N,3
00525.jpg,N,5
00526.jpg,N,3
00527.jpg,N,1
00528.jpg,N,1
00529.jpg,N,4
00530.jpg,N,2
00531.jpg,N,4
00532.jpg,N,2
00533.jpg,N,2
00534.jpg,N,1
00535.jpg,N,4
00536.jpg,N,4
00537.jpg,N,1
00538.jpg,N,5
00539.jpg,N,4
00540.jpg,N,5
00541.jpg,N,2
00542.jpg,N,2
00543.jpg,N,5
00544.jpg,N,5
00545.jpg,N,4
00546.jpg,N,1
00547.jpg,N,1
00548.jpg,N,1
00549.jpg,N,1
00550.jpg,N,3
00551.jpg,N,1
00552.jpg,N,2
00553.jpg,N,2
00554.jpg,N,3
00555.jpg,N,5
00556.jpg,N,5
00557.jpg,N,1
00558.jpg,N,5
00559.jpg,N,2
00560.jpg,N,2
00561.jpg,N,2
00562.jpg,N,1
00563.jpg,N,4
00564.jpg,N,5
00565.jpg,N,3
00566.jpg,N,3
00567.jpg,N,2
00568.jpg,N,5
00569.jpg,N,4
00570.jpg,N,1
00571.jpg,N,3
00572.jpg,N,2
00573.jpg,N,3
00574.jpg,N,3
00575.jpg,N,5
00576.jpg,N,4
00577.jpg,N,5
00578.jpg,N,4
00579.jpg,N,2
00580.jpg,N,4
00581.jpg,N,4
00582.jpg,N,2
00583.jpg,N,1
00584.jpg,N,5
00585.jpg,N,4
00586.jpg,N,5
00587.jpg,N,3
00588.jpg,N,4
00589.jpg,N,4
00590.jpg,N,1
00591.jpg,N,3
00592.jpg,N,5
00593.jpg,N,4
00594.jpg,N,5
00595.jpg,N,2
00596.jpg,N,5
00597.jpg,N,5
00598.jpg,N,4
00599.jpg,N,1
00600.jpg,N,1
00601.jpg,N,5
00602.jpg,N,4
00603.jpg,N,2
00604.jpg,N,3
00605.jpg,N,3
00606.jpg,N,2
00607.jpg,N,2
00608.jpg,N,5
00609.jpg,N,4
00610.jpg,N,5
00611.jpg,N,2
00612.jpg,N,4
00613.jpg,U>10,1
00614.jpg,U>10,1
00615.jpg,U3-10,1
00616.jpg,U3-10,4
00617.jpg,U3-10,4
00618.jpg,U3-10,1
00619.jpg,U3-10,4
00621.jpg,U3-10,2
00622.jpg,U3-10,1
00623.jpg,U3-10,5
00624.jpg,U3-10,3
00625.jpg,U3-10,1
00626.jpg,U3-10,5
00627.jpg,U3-10,3
00628.jpg,U3-10,5
00629.jpg,U3-10,1
00630.jpg,U3-10,5
00631.jpg,U3-10,2
00632.jpg,U>10,5
00633.jpg,U>10,2
00634.jpg,U3-10,5
00635.jpg,U3-10,2
00636.jpg,U3-10,1
00637.jpg,U3-10,2
00638.jpg,U3-10,5
00639.jpg,U3-10,4
00640.jpg,U3-10,2
00641.jpg,AU,3
00642.jpg,U>10,1
00643.jpg,U3-10,2
00644.jpg,U3-10,5
00645.jpg,AU,3
00646.jpg,AU,3
00647.jpg,U3-10,1
00648.jpg,U3-10,3
00649.jpg,U3-10,2
00650.jpg,N,1
00651.jpg,N,1
00652.jpg,N,5
00653.jpg,N,3
00654.jpg,N,1
00655.jpg,N,1
00656.jpg,N,1
00657.jpg,N,3
00658.jpg,N,2
00659.jpg,N,3
00660.jpg,N,1
00661.jpg,N,4
00662.jpg,N,3
00663.jpg,N,2
00664.jpg,N,4
00665.jpg,N,2
00666.jpg,N,2
00667.jpg,N,5
00668.jpg,N,1
00669.jpg,N,4
00670.jpg,N,3
00671.jpg,N,2
00672.jpg,N,5
00673.jpg,N,5
00674.jpg,N,5
00675.jpg,N,3
00676.jpg,N,1
00677.jpg,N,4
00678.jpg,N,4
00679.jpg,N,1
00680.jpg,N,3
00681.jpg,N,3
00682.jpg,N,4
00683.jpg,S,5
00684.jpg,S,1
00685.jpg,S,1
00686.jpg,S,3
00687.jpg,S,2
00688.jpg,S,3
00689.jpg,S,1
00690.jpg,S,4
00691.jpg,S,4
00692.jpg,S,3
00693.jpg,S,4
00694.jpg,S,3
00695.jpg,S,3
00696.jpg,S,2
00697.jpg,S,2
00698.jpg,S,5
00699.jpg,S,4
00700.jpg,S,5
00701.jpg,S,3
00702.jpg,S,2
00703.jpg,O,4
00704.jpg,N,4
00705.jpg,N,1
00706.jpg,N,2
00711.jpg,O,2
00712.jpg,O,3
00713.jpg,O,4
00714.jpg,O,2
00715.jpg,O,4
00716.jpg,O,5
00717.jpg,O,2
00718.jpg,O,4
00719.jpg,O,5
00720.jpg,O,5
00721.jpg,O,3
00722.jpg,O,2
00723.jpg,O,1
00724.jpg,O,5
00725.jpg,O,2
00726.jpg,O,4
00727.jpg,O,4
00728.jpg,O,1
00729.jpg,O,3
00730.jpg,O,4
00731.jpg,O,3
00732.jpg,O,1
00733.jpg,O,3
00734.jpg,O,1
00735.jpg,O,1
00736.jpg,O,5
00737.jpg,O,4
00738.jpg,S,3
00739.jpg,S,1
00740.jpg,S,5
00741.jpg,S,5
00742.jpg,S,3
00743.jpg,S,3
00744.jpg,S,1
00745.jpg,O,2
00746.jpg,O,4
00747.jpg,O,4
00748.jpg,O,5
00749.jpg,O,2
00750.jpg,O,5
00751.jpg,O,3
00752.jpg,O,5
00753.jpg,O,4
00754.jpg,O,5
00755.jpg,O,3
00756.jpg,O,5
00757.jpg,O,5
00758.jpg,O,3
00759.jpg,O,3
00760.jpg,O,5
00761.jpg,O,2
00762.jpg,O,1
00763.jpg,O,2
00764.jpg,O,5
00765.jpg,O,3
00766.jpg,O,2
00767.jpg,O,2
00768.jpg,O,3
00769.jpg,O,3
00770.jpg,O,1
00771.jpg,O,1
00772.jpg,O,3
00773.jpg,O,4
00774.jpg,O,5
00775.jpg,O,3
00776.jpg,O,1
00777.jpg,O,4
00778.jpg,U>10,3
00779.jpg,U>10,1
00780.jpg,S,5
00781.jpg,S,1
00782.jpg,U>10,4
00783.jpg,O,3
00784.jpg,U>10,3
00785.jpg,U>10,2
00786.jpg,U>10,1
00787.jpg,U>10,5
00788.jpg,S,2
00789.jpg,S,4
00790.jpg,S,4
00791.jpg,S,4
00792.jpg,S,4
00793.jpg,S,1
00794.jpg,S,4
00795.jpg,S,1
00796.jpg,S,3
00797.jpg,S,1
00798.jpg,S,1
00799.jpg,S,5
00800.jpg,U>10,4
00801.jpg,U>10,4
00802.jpg,U>10,3
00803.jpg,U>10,5
00804.jpg,U>10,4
00805.jpg,U>10,3
00806.jpg,U>10,2
00807.jpg,U>10,4
00808.jpg,U>10,5
00809.jpg,U3-10,2
00810.jpg,S,5
00811.jpg,S,4
00812.jpg,S,1
00813.jpg,S,1
00814.jpg,S,3
00815.jpg,S,5
00816.jpg,S,1
00817.jpg,S,4
00818.jpg,S,3
00819.jpg,S,1
00820.jpg,S,5
00821.jpg,S,4
00822.jpg,S,5
00823.jpg,S,3
00824.jpg,S,5
00825.jpg,S,1
00826.jpg,S,4
00827.jpg,S,4
00828.jpg,S,2
00829.jpg,S,2
00830.jpg,S,4
00831.jpg,S,1
00832.jpg,S,1
00833.jpg,S,5
00834.jpg,S,1
00835.jpg,S,2
00836.jpg,S,2
00837.jpg,S,4
00838.jpg,S,2
00839.jpg,S,1
00840.jpg,S,2
00841.jpg,S,3
00842.jpg,S,1
00843.jpg,S,3
00844.jpg,S,1
00845.jpg,S,5
00846.jpg,S,3
00847.jpg,U>10,4
00848.jpg,U>10,1
00849.jpg,U>10,5
00850.jpg,S,3
00851.jpg,U>10,1
00852.jpg,U>10,5
00853.jpg,S,1
00854.jpg,S,4
00855.jpg,U3-10,1
00856.jpg,S,2
00857.jpg,S,5
00858.jpg,S,2
00859.jpg,S,3
00860.jpg,U3-10,1
00861.jpg,S,5
00862.jpg,S,5
00863.jpg,S,3
00864.jpg,U3-10,2
00865.jpg,O,5
00866.jpg,O,5
00867.jpg,O,3
00868.jpg,O,2
00869.jpg,O,2
00870.jpg,O,3
00871.jpg,O,3
00872.jpg,O,1
00873.jpg,O,5
00874.jpg,U3-10,3
00875.jpg,U3-10,3
00876.jpg,U3-10,1
00877.jpg,U3-10,2
00878.jpg,U3-10,2
00879.jpg,U3-10,3
00880.jpg,U3-10,5
00881.jpg,U3-10,4
00882.jpg,U3-10,4
00883.jpg,U>10,4
00884.jpg,U>10,3
00885.jpg,U>10,4
00886.jpg,U>10,2
00887.jpg,U>10,2
00888.jpg,U3-10,3
00889.jpg,U3-10,4
00890.jpg,U3-10,5
00891.jpg,U>10,4
00892.jpg,O,5
00893.jpg,O,1
00894.jpg,S,3
00895.jpg,O,5
00896.jpg,O,5
00897.jpg,O,5
00898.jpg,O,4
00899.jpg,U3-10,4
00900.jpg,S,5
00901.jpg,S,1
00902.jpg,S,3
00903.jpg,U3-10,1
00904.jpg,U3-10,3
00905.jpg,U3-10,3
00906.jpg,U3-10,1
00907.jpg,U3-10,5
00908.jpg,U3-10,2
00909.jpg,U>10,1
00910.jpg,O,5
00911.jpg,O,2
00912.jpg,U3-10,3
00913.jpg,U3-10,2
00914.jpg,U>10,5
00915.jpg,U>10,3
00916.jpg,U>10,2
00917.jpg,U3-10,1
00918.jpg,U3-10,3
00919.jpg,U>10,1
00920.jpg,U>10,3
00921.jpg,U>10,4
00922.jpg,U>10,4
00923.jpg,N,2
00924.jpg,S,3
00925.jpg,S,3
00926.jpg,O,2
00927.jpg,O,2
00928.jpg,O,3
00929.jpg,AU,4
00930.jpg,U3-10,4
00931.jpg,O,1
00932.jpg,U3-10,2
00933.jpg,N,2
00934.jpg,N,5
00935.jpg,U>10,2
00936.jpg,U>10,2
00937.jpg,N,2
00938.jpg,N,5
00939.jpg,O,5
00940.jpg,N,1
00941.jpg,N,1
00942.jpg,N,4
00943.jpg,N,1
00944.jpg,N,2
00945.jpg,N,4
00946.jpg,N,4
00947.jpg,N,1
00948.jpg,N,4
00949.jpg,N,3
00950.jpg,N,2
00951.jpg,N,1
00952.jpg,N,3
00953.jpg,N,1
00954.jpg,N,2
00955.jpg,AU,3
00956.jpg,AU,1
00957.jpg,N,3
00958.jpg,N,5
00959.jpg,N,5
00960.jpg,N,5
00961.jpg,N,1
00962.jpg,N,3
00963.jpg,N,2
00964.jpg,N,5
00965.jpg,N,2
00966.jpg,N,1
00967.jpg,N,2
00968.jpg,N,3
00969.jpg,N,1
00970.jpg,N,1
00971.jpg,N,1
00972.jpg,N,5
00973.jpg,N,3
00974.jpg,N,4
00975.jpg,N,3
00976.jpg,N,1
00977.jpg,N,4
00978.jpg,N,1
00979.jpg,N,3
00980.jpg,N,5
00981.jpg,N,3
00982.jpg,N,2
00983.jpg,N,1
00984.jpg,N,2
00985.jpg,N,2
00986.jpg,N,2
00987.jpg,N,4
00988.jpg,N,2
00989.jpg,N,1
00990.jpg,N,5
00991.jpg,N,4
00992.jpg,N,1
00993.jpg,N,4
00994.jpg,N,1
00995.jpg,N,2
00996.jpg,N,2
00997.jpg,N,2
00998.jpg,N,3
00999.jpg,N,2
01000.jpg,N,3
01001.jpg,N,2
01002.jpg,N,5
01003.jpg,N,4
01004.jpg,U3-10,1
01005.jpg,U3-10,5
01006.jpg,U3-10,2
01007.jpg,U3-10,1
01008.jpg,U>10,5
01009.jpg,U>10,2
01010.jpg,U>10,1
01011.jpg,U3-10,1
01012.jpg,E,3
01013.jpg,U3-10,5
01014.jpg,U3-10,5
01015.jpg,U3-10,4
01016.jpg,U3-10,1
01017.jpg,U3-10,1
01018.jpg,U3-10,5
01019.jpg,AU,5
01020.jpg,AU,1
01021.jpg,AU,2
01023.jpg,E,4
01024.jpg,E,1
01025.jpg,E,1
01026.jpg,E,2
01027.jpg,E,5
01028.jpg,E,3
01029.jpg,E,1
01030.jpg,E,5
01031.jpg,E,3
01032.jpg,E,2
01033.jpg,E,2
01034.jpg,E,3
01035.jpg,E,1
01036.jpg,E,5
01037.jpg,E,3
01038.jpg,E,3
01039.jpg,E,2
01040.jpg,E,5
01041.jpg,E,3
01042.jpg,U3-10,5
01043.jpg,E,4
01044.jpg,E,3
01045.jpg,E,2
01046.jpg,E,4
01047.jpg,E,5
01048.jpg,E,2
01049.jpg,E,5
01050.jpg,E,2
01051.jpg,E,2
01052.jpg,E,2
01053.jpg,U3-10,3
01054.jpg,U3-10,5
01055.jpg,E,5
01056.jpg,E,5
01057.jpg,E,3
01058.jpg,E,1
01059.jpg,U3-10,2
01060.jpg,U3-10,1
01061.jpg,E,4
01062.jpg,N,5
01063.jpg,N,1
01064.jpg,N,4
01065.jpg,N,5
01066.jpg,N,3
01067.jpg,N,1
01068.jpg,N,3
01069.jpg,N,1
01070.jpg,N,5
01071.jpg,N,3
01072.jpg,N,5
01073.jpg,N,2
01074.jpg,E,3
01075.jpg,N,2
01076.jpg,N,5
01077.jpg,N,1
01078.jpg,N,3
01079.jpg,N,4
01080.jpg,N,5
01081.jpg,N,1
01082.jpg,N,4
01083.jpg,N,5
01084.jpg,N,1
01085.jpg,N,4
01086.jpg,N,2
01087.jpg,N,4
01088.jpg,N,3
01089.jpg,N,2
01090.jpg,N,4
01091.jpg,N,3
01092.jpg,N,4
01093.jpg,N,1
01094.jpg,N,5
01095.jpg,N,5
01096.jpg,N,1
01097.jpg,N,2
01098.jpg,N,5
01099.jpg,N,2
01100.jpg,N,1
01101.jpg,N,3
01102.jpg,N,4
01103.jpg,N,5
01104.jpg,N,4
01105.jpg,N,5
01106.jpg,N,4
01107.jpg,N,1
01108.jpg,N,1
01109.jpg,N,3
01110.jpg,N,3
01111.jpg,N,2
01112.jpg,N,3
01113.jpg,N,3
01114.jpg,N,3
01115.jpg,N,2
01116.jpg,N,5
01117.jpg,N,2
01118.jpg,N,2
01119.jpg,N,5
01120.jpg,N,4
01121.jpg,N,2
01122.jpg,N,4
01123.jpg,N,5
01124.jpg,AU,3
01125.jpg,N,2
01126.jpg,O,5
01127.jpg,N,5
01128.jpg,U3-10,4
01129.jpg,N,1
01130.jpg,N,3
01131.jpg,N,4
01132.jpg,N,1
01133.jpg,N,3
01134.jpg,N,2
01135.jpg,N,5
01136.jpg,N,2
01137.jpg,N,3
01138.jpg,N,5
01139.jpg,N,3
01140.jpg,N,2
01141.jpg,N,2
01142.jpg,N,4
01143.jpg,U>10,3
01144.jpg,U>10,2
01145.jpg,U3-10,5
01146.jpg,E,3
01147.jpg,U3-10,2
01148.jpg,U3-10,3
01149.jpg,U3-10,5
01150.jpg,U3-10,2
01151.jpg,U3-10,3
01152.jpg,U3-10,4
01153.jpg,N,3
01154.jpg,U3-10,2
01155.jpg,U3-10,5
01156.jpg,U3-10,2
01157.jpg,U3-10,3
01158.jpg,U3-10,4
01159.jpg,U3-10,1
01160.jpg,U3-10,5
01161.jpg,AU,2
01162.jpg,AU,4
01163.jpg,U3-10,4
01164.jpg,AU,3
01165.jpg,U3-10,1
01166.jpg,U3-10,1
01167.jpg,AU,4
01168.jpg,AU,5
01169.jpg,AU,1
01170.jpg,U3-10,1
01171.jpg,AU,1
01172.jpg,U3-10,2
01173.jpg,AU,4
01174.jpg,AU,1
01175.jpg,AU,1
01176.jpg,AU,5
01177.jpg,AU,4
01178.jpg,AU,3
01179.jpg,AU,4
01180.jpg,AU,1
01181.jpg,AU,1
01182.jpg,AU,3
01183.jpg,E,5
01184.jpg,U3-10,3
01185.jpg,U3-10,2
01186.jpg,U3-10,2
01187.jpg,U3-10,1
01188.jpg,E,3
01189.jpg,E,3
01190.jpg,U3-10,4
01191.jpg,U3-10,4
01192.jpg,E,4
01193.jpg,E,5
01194.jpg,U3-10,2
01195.jpg,U3-10,1
01196.jpg,U3-10,1
01197.jpg,AU,2
01198.jpg,U3-10,3
01199.jpg,U3-10,5
01200.jpg,U3-10,4
01201.jpg,U3-10,4
01202.jpg,E,1
01203.jpg,U3-10,2
01204.jpg,U3-10,3
01205.jpg,U3-10,5
01206.jpg,U3-10,4
01207.jpg,U3-10,1
01208.jpg,U3-10,1
01209.jpg,U3-10,1
01210.jpg,E,3
01211.jpg,E,2
01212.jpg,E,4
01213.jpg,E,1
01214.jpg,AU,4
01215.jpg,E,1
01216.jpg,AU,1
01217.jpg,U3-10,1
01218.jpg,AU,4
01219.jpg,AU,4
01220.jpg,AU,3
01221.jpg,U3-10,4
01222.jpg,E,2
01223.jpg,E,3
01224.jpg,AU,3
01225.jpg,AU,2
01226.jpg,U3-10,3
01227.jpg,U3-10,2
01228.jpg,AU,3
01229.jpg,E,4
01230.jpg,AU,5
01231.jpg,AU,2
01232.jpg,E,5
01233.jpg,AU,5
01234.jpg,AU,1
01235.jpg,AU,3
01236.jpg,AU,1
01237.jpg,AU,1
01238.jpg,AU,4
01239.jpg,AU,1
01240.jpg,AU,2
01241.jpg,AU,4
01242.jpg,AU,2
01243.jpg,AU,2
01244.jpg,AU,5
01245.jpg,AU,5
01246.jpg,AU,2
01247.jpg,AU,4
01248.jpg,AU,4
01249.jpg,AU,3
01250.jpg,AU,5
01251.jpg,AU,5
01252.jpg,AU,3
01253.jpg,AU,5
01254.jpg,AU,3
01255.jpg,AU,2
01256.jpg,E,4
01257.jpg,AU,4
01258.jpg,AU,3
01259.jpg,AU,3
01260.jpg,AU,4
01261.jpg,AU,5
01262.jpg,AU,2
01263.jpg,AU,1
01264.jpg,AU,4
01265.jpg,AU,3
01266.jpg,AU,3
01267.jpg,AU,3
01268.jpg,AU,2
01269.jpg,AU,4
01270.jpg,AU,2
01271.jpg,N,2
01272.jpg,N,1
01273.jpg,N,1
01274.jpg,N,2
01275.jpg,N,1
01276.jpg,N,2
01277.jpg,U3-10,4
01278.jpg,AU,5
01279.jpg,AU,5
01280.jpg,AU,3
01281.jpg,AU,2
01282.jpg,AU,4
01283.jpg,N,5
01284.jpg,N,2
01285.jpg,N,5
01286.jpg,N,3
01287.jpg,N,2
01288.jpg,N,5
01289.jpg,N,1
01290.jpg,N,1
01291.jpg,N,4
01292.jpg,N,5
01293.jpg,N,1
01294.jpg,N,4
01295.jpg,N,5
01296.jpg,N,5
01297.jpg,N,3
01298.jpg,N,1
01299.jpg,N,1
01300.jpg,N,3
01301.jpg,N,3
01302.jpg,N,2
01303.jpg,N,2
01304.jpg,N,2
01305.jpg,N,1
01306.jpg,N,4
01307.jpg,N,3
01308.jpg,N,4
01309.jpg,N,1
01310.jpg,N,2
01311.jpg,N,4
01312.jpg,N,4
01313.jpg,N,1
01314.jpg,N,1
01315.jpg,N,5
01316.jpg,N,3
01317.jpg,N,2
01318.jpg,N,4
01319.jpg,N,1
01320.jpg,N,3
01321.jpg,N,5
01322.jpg,N,2
01323.jpg,N,2
01324.jpg,N,4
01325.jpg,N,2
01326.jpg,N,2
01327.jpg,N,4
01328.jpg,N,2
01329.jpg,N,1
01330.jpg,N,4
01331.jpg,N,1
01332.jpg,N,4
01333.jpg,N,2
01334.jpg,N,5
01335.jpg,N,2
01336.jpg,N,4
01337.jpg,N,2
01338.jpg,N,4
01339.jpg,N,5
01340.jpg,N,2
01341.jpg,N,4
01342.jpg,N,4
01343.jpg,N,5
01344.jpg,N,2
01345.jpg,N,3
01346.jpg,N,1
01347.jpg,E,3
01348.jpg,E,3
01349.jpg,O,4
01350.jpg,O,3
01351.jpg,O,1
01352.jpg,O,1
01353.jpg,O,2
01354.jpg,O,5
01355.jpg,O,2
01356.jpg,O,2
01357.jpg,O,3
01358.jpg,U3-10,5
01359.jpg,N,4
01360.jpg,N,2
01361.jpg,N,5
01362.jpg,N,1
01363.jpg,N,3
01364.jpg,N,2
01365.jpg,N,4
01366.jpg,N,1
01367.jpg,N,1
01368.jpg,N,3
01369.jpg,N,4
01370.jpg,N,5
01371.jpg,N,5
01372.jpg,N,3
01373.jpg,N,5
01374.jpg,N,5
01375.jpg,N,2
01376.jpg,N,2
01377.jpg,N,4
01378.jpg,N,2
01379.jpg,N,1
01380.jpg,N,1
01381.jpg,N,1
01382.jpg,N,3
01383.jpg,N,1
01384.jpg,N,3
01385.jpg,N,4
01386.jpg,N,3
01387.jpg,N,1
01388.jpg,N,1
01389.jpg,N,5
01390.jpg,N,2
01391.jpg,N,2
01392.jpg,N,3
01393.jpg,N,3
01394.jpg,N,5
01395.jpg,N,4
01396.jpg,N,4
01397.jpg,N,3
01398.jpg,N,3
01399.jpg,N,1
01400.jpg,N,1
01401.jpg,N,5
01402.jpg,N,3
01403.jpg,N,1
01404.jpg,N,5
01405.jpg,N,4
01406.jpg,N,4
01407.jpg,N,4
01408.jpg,N,3
01409.jpg,N,3
01410.jpg,N,1
01411.jpg,N,1
01412.jpg,N,1
01413.jpg,N,3
01414.jpg,N,2
01415.jpg,N,3
01416.jpg,N,2
01417.jpg,N,2
01418.jpg,N,4
01419.jpg,N,3
01420.jpg,N,5
01421.jpg,N,4
01422.jpg,N,3
01423.jpg,N,1
01424.jpg,N,2
01425.jpg,N,5
01426.jpg,N,2
01427.jpg,N,1
01428.jpg,N,3
01429.jpg,N,5
01430.jpg,N,4
01431.jpg,N,5
01432.jpg,N,2
01433.jpg,N,4
01434.jpg,N,1
01435.jpg,N,3
01436.jpg,N,2
01437.jpg,N,1
01438.jpg,N,4
01439.jpg,N,5
01440.jpg,N,2
01441.jpg,N,4
01442.jpg,N,3
01443.jpg,N,3
01444.jpg,N,5
01445.jpg,N,2
01446.jpg,N,2
01447.jpg,N,1
01448.jpg,N,2
01449.jpg,N,3
01450.jpg,N,1
01451.jpg,N,5
01452.jpg,N,3
01453.jpg,N,3
01454.jpg,N,4
01455.jpg,N,4
01456.jpg,N,4
01457.jpg,N,1
01458.jpg,N,3
01459.jpg,N,5
01460.jpg,N,1
01461.jpg,N,2
01462.jpg,N,1
01463.jpg,N,1
01464.jpg,N,5
01465.jpg,N,1
01466.jpg,N,3
01467.jpg,N,5
01468.jpg,N,1
01469.jpg,N,2
01470.jpg,N,4
01471.jpg,N,5
01472.jpg,N,3
01473.jpg,N,1
01474.jpg,N,1
01475.jpg,N,3
01476.jpg,N,4
01477.jpg,N,5
01478.jpg,N,2
01479.jpg,N,2
01480.jpg,N,5
01481.jpg,N,3
01482.jpg,N,1
01483.jpg,O,2
01484.jpg,O,2
01485.jpg,O,1
01486.jpg,S,2
01487.jpg,S,1
01488.jpg,S,3
01489.jpg,U>10,2
01490.jpg,U>10,4
01491.jpg,U3-10,4
01492.jpg,O,1
01493.jpg,U>10,2
01494.jpg,U3-10,3
01495.jpg,U3-10,5
01496.jpg,U3-10,3
01497.jpg,N,5
01498.jpg,N,2
01499.jpg,N,4
01500.jpg,N,1
01501.jpg,N,5
01502.jpg,N,3
01503.jpg,U3-10,4
01504.jpg,U>10,1
01505.jpg,N,4
01506.jpg,N,3
01507.jpg,U3-10,1
01508.jpg,O,3
01509.jpg,O,5
01510.jpg,O,2
01511.jpg,U3-10,2
01512.jpg,U3-10,1
01513.jpg,U3-10,2
01514.jpg,U>10,4
01515.jpg,U3-10,2
01516.jpg,O,5
01517.jpg,U>10,1
01518.jpg,U>10,5
01519.jpg,O,3
01520.jpg,U>10,3
01521.jpg,U3-10,3
01522.jpg,U3-10,3
01523.jpg,U3-10,4
01524.jpg,U3-10,4
01525.jpg,U3-10,5
01526.jpg,U3-10,5
01527.jpg,U3-10,3
01528.jpg,U3-10,4
01529.jpg,O,1
01530.jpg,U3-10,4
01531.jpg,U3-10,4
01532.jpg,U3-10,3
01533.jpg,U3-10,1
01534.jpg,U3-10,3
01535.jpg,U3-10,4
01536.jpg,U3-10,3
01537.jpg,U3-10,3
01538.jpg,U3-10,2
01539.jpg,U3-10,2
01540.jpg,U3-10,4
01541.jpg,U3-10,2
01542.jpg,U3-10,2
01543.jpg,U3-10,3
01544.jpg,O,2
01545.jpg,U>10,1
01546.jpg,U>10,1
01547.jpg,U>10,4
01548.jpg,U>10,3
01549.jpg,N,4
01550.jpg,U3-10,2
01551.jpg,U3-10,2
01552.jpg,U3-10,5
01553.jpg,N,1
01554.jpg,E,3
01555.jpg,E,3
01556.jpg,N,1
01557.jpg,N,3
01558.jpg,N,5
01559.jpg,N,5
01560.jpg,N,3
01561.jpg,N,3
01562.jpg,N,4
01563.jpg,N,4
01564.jpg,N,2
01565.jpg,N,2
01566.jpg,N,2
01567.jpg,N,4
01568.jpg,N,2
01569.jpg,N,1
01570.jpg,N,4
01571.jpg,N,2
01572.jpg,N,1
01573.jpg,N,1
01574.jpg,N,1
01575.jpg,N,2
01576.jpg,N,3
01577.jpg,N,4
01578.jpg,N,3
01579.jpg,N,5
01580.jpg,E,4
01581.jpg,E,1
01582.jpg,E,1
01583.jpg,E,3
01584.jpg,E,4
01585.jpg,E,2
01586.jpg,E,4
01587.jpg,E,2
01588.jpg,E,3
01589.jpg,E,2
01590.jpg,U3-10,5
01591.jpg,E,5
01592.jpg,U3-10,1
01593.jpg,U3-10,1
01594.jpg,U>10,1
01595.jpg,O,5
01596.jpg,O,3
01597.jpg,O,3
01598.jpg,U3-10,4
01599.jpg,U3-10,5
01600.jpg,U3-10,4
01601.jpg,N,3
01602.jpg,N,1
01603.jpg,N,2
01604.jpg,N,5
01605.jpg,N,2
01606.jpg,N,4
01607.jpg,N,1
01608.jpg,N,4
01609.jpg,N,5
01610.jpg,N,3
01611.jpg,N,2
01612.jpg,N,4
01613.jpg,N,5
01614.jpg,N,4
01615.jpg,N,3
01616.jpg,N,3
01617.jpg,N,5
01618.jpg,N,5
01619.jpg,N,1
01620.jpg,N,2
01621.jpg,N,3
01622.jpg,N,2
01623.jpg,N,4
01624.jpg,N,1
01625.jpg,N,3
01626.jpg,N,4
01627.jpg,N,1
01628.jpg,N,3
01629.jpg,N,2
01630.jpg,N,4
01631.jpg,N,4
01632.jpg,N,3
01633.jpg,N,3
01634.jpg,N,1
01635.jpg,U3-10,2
01636.jpg,N,2
01637.jpg,N,2
01638.jpg,U>10,2
01639.jpg,U>10,3
01640.jpg,N,2
01641.jpg,N,5
01642.jpg,U>10,4
01643.jpg,U>10,2
01644.jpg,U>10,3
01645.jpg,U>10,2
01646.jpg,U>10,2
01647.jpg,U>10,1
01648.jpg,U>10,4
01649.jpg,U>10,4
01650.jpg,U>10,2
01651.jpg,U>10,1
01652.jpg,U>10,3
01653.jpg,U>10,4
01654.jpg,U>10,4
01655.jpg,U>10,3
01656.jpg,U>10,5
01657.jpg,U>10,3
01658.jpg,U>10,4
01659.jpg,U>10,5
01660.jpg,U>10,1
01661.jpg,U>10,4
01662.jpg,U>10,4
01663.jpg,U>10,1
01664.jpg,U>10,2
01665.jpg,U>10,3
01666.jpg,U>10,5
01667.jpg,U>10,2
01668.jpg,U>10,2
01669.jpg,U>10,3
01670.jpg,U>10,5
01671.jpg,U>10,1
01672.jpg,U>10,1
01673.jpg,U>10,1
01674.jpg,U>10,1
01675.jpg,U>10,3
01676.jpg,U>10,5
01677.jpg,U>10,2
01678.jpg,U>10,1
01679.jpg,U>10,4
01680.jpg,U>10,4
01681.jpg,U>10,4
01682.jpg,U>10,1
01683.jpg,U>10,4
01684.jpg,U>10,2
01685.jpg,U>10,5
01686.jpg,U>10,1
01687.jpg,U>10,5
01688.jpg,U>10,3
01689.jpg,U>10,5
01690.jpg,U>10,1
01691.jpg,U>10,3
01692.jpg,U>10,5
01693.jpg,U>10,2
01694.jpg,U>10,3
01695.jpg,U>10,2
01696.jpg,U>10,1
01697.jpg,N,4
01698.jpg,N,1
01699.jpg,N,5
01700.jpg,N,4
01701.jpg,N,1
01702.jpg,N,2
01703.jpg,N,1
01704.jpg,N,1
01705.jpg,N,3
01706.jpg,N,2
01707.jpg,N,1
01708.jpg,N,1
01709.jpg,N,3
01710.jpg,N,1
01711.jpg,N,3
01712.jpg,N,1
01713.jpg,N,3
01714.jpg,N,4
01715.jpg,N,2
01716.jpg,N,2
01717.jpg,N,2
01718.jpg,N,2
01719.jpg,N,2
01720.jpg,N,3
01721.jpg,N,2
01722.jpg,N,3
01723.jpg,N,5
01724.jpg,N,3
01725.jpg,N,5
01726.jpg,N,2
01727.jpg,N,4
01728.jpg,N,5
01729.jpg,N,1
01730.jpg,N,4
01731.jpg,N,1
01732.jpg,N,1
01733.jpg,N,3
01734.jpg,N,4
01735.jpg,N,4
01736.jpg,N,1
01737.jpg,N,1
01738.jpg,N,3
01739.jpg,N,4
01740.jpg,N,2
01741.jpg,N,4
01742.jpg,U>10,1
01743.jpg,U>10,5
01744.jpg,U>10,1
01745.jpg,U>10,4
01746.jpg,U>10,5
01747.jpg,N,1
01748.jpg,N,1
01749.jpg,N,4
01750.jpg,N,5
01751.jpg,N,1
01752.jpg,N,1
01753.jpg,N,4
01754.jpg,N,5
01755.jpg,N,4
01756.jpg,N,4
01757.jpg,N,2
01758.jpg,N,2
01759.jpg,N,3
01760.jpg,N,5
01761.jpg,N,3
01762.jpg,N,3
01763.jpg,N,4
01764.jpg,N,5
01765.jpg,N,2
01766.jpg,N,1
01767.jpg,N,5
01768.jpg,N,3
01769.jpg,N,3
01770.jpg,U3-10,5
01771.jpg,U3-10,2
01772.jpg,U3-10,4
01773.jpg,U3-10,4
01774.jpg,N,5
01775.jpg,N,4
01776.jpg,N,1
01777.jpg,N,1
01778.jpg,N,5
01779.jpg,N,5
01780.jpg,N,2
01781.jpg,N,1
01782.jpg,N,5
01783.jpg,N,3
01784.jpg,N,5
01785.jpg,N,4
01786.jpg,N,2
01787.jpg,U3-10,2
01788.jpg,U3-10,1
01789.jpg,N,5
01790.jpg,U3-10,3
01791.jpg,N,3
01792.jpg,N,1
01793.jpg,N,2
01794.jpg,N,3
01795.jpg,N,4
01796.jpg,N,5
01797.jpg,N,4
01798.jpg,N,5
01799.jpg,N,3
01800.jpg,N,5
01801.jpg,N,1
01802.jpg,N,2
01803.jpg,N,5
01804.jpg,AU,5
01805.jpg,AU,4
01806.jpg,N,4
01807.jpg,N,1
01808.jpg,N,3
01809.jpg,N,5
01810.jpg,N,4
01811.jpg,N,2
01812.jpg,N,2
01813.jpg,N,4
01814.jpg,N,4
01815.jpg,N,2
01816.jpg,N,2
01817.jpg,N,2
01818.jpg,N,4
01819.jpg,N,2
01820.jpg,N,4
01821.jpg,N,2
01822.jpg,N,3
01823.jpg,N,3
01824.jpg,N,2
01825.jpg,N,2
01826.jpg,N,2
01827.jpg,U>10,5
01828.jpg,N,1
01829.jpg,N,5
01830.jpg,N,1
01831.jpg,N,1
01832.jpg,N,1
01833.jpg,N,4
01834.jpg,N,3
01835.jpg,N,5
01836.jpg,U3-10,4
01837.jpg,U3-10,1
01838.jpg,U3-10,4
01839.jpg,U3-10,2
01840.jpg,U3-10,2
01841.jpg,N,4
01842.jpg,U3-10,3
01843.jpg,U3-10,5
01844.jpg,U3-10,4
01845.jpg,U3-10,3
01846.jpg,U3-10,2
01847.jpg,U3-10,4
01848.jpg,U3-10,1
01849.jpg,U3-10,1
01850.jpg,U3-10,4
01851.jpg,AU,4
01852.jpg,U3-10,5
01853.jpg,U3-10,1
01854.jpg,U3-10,2
01855.jpg,U3-10,5
01856.jpg,N,3
01857.jpg,N,1
01858.jpg,N,1
01859.jpg,N,1
01860.jpg,U3-10,5
01861.jpg,U3-10,1
01862.jpg,U3-10,5
01863.jpg,U3-10,4
01864.jpg,U>10,3
01865.jpg,U3-10,4
01866.jpg,U3-10,5
01867.jpg,U3-10,2
01868.jpg,U3-10,1
01869.jpg,U3-10,5
01870.jpg,U3-10,3
01871.jpg,U3-10,1
01872.jpg,U3-10,5
01873.jpg,U3-10,4
01874.jpg,U3-10,3
01875.jpg,U3-10,5
01876.jpg,U3-10,5
01877.jpg,U3-10,1
01878.jpg,U3-10,2
01879.jpg,U3-10,4
01880.jpg,U3-10,4
01881.jpg,U3-10,4
01882.jpg,U3-10,4
01883.jpg,U3-10,3
01884.jpg,U3-10,5
01885.jpg,U3-10,5
01886.jpg,U3-10,2
01887.jpg,U3-10,2
01888.jpg,U3-10,2
01889.jpg,U3-10,3
01890.jpg,U3-10,5
01891.jpg,AU,3
01892.jpg,AU,2
01893.jpg,AU,5
01894.jpg,AU,2
01895.jpg,N,5
01896.jpg,AU,5
01897.jpg,AU,2
01898.jpg,AU,3
01899.jpg,N,2
01900.jpg,AU,4
01901.jpg,AU,2
01902.jpg,AU,4
01903.jpg,N,4
01904.jpg,N,4
01905.jpg,N,1
01906.jpg,N,5
01907.jpg,N,2
01908.jpg,N,5
01909.jpg,N,5
01910.jpg,N,5
01911.jpg,N,5
01912.jpg,AU,4
01913.jpg,N,4
01914.jpg,N,1
01915.jpg,N,2
01916.jpg,N,4
01917.jpg,AU,1
01918.jpg,O,1
01919.jpg,O,5
01920.jpg,O,4
01921.jpg,O,3
01922.jpg,U3-10,1
01923.jpg,U3-10,3
01924.jpg,U3-10,1
01925.jpg,E,3
01926.jpg,E,2
01927.jpg,U3-10,4
01928.jpg,AU,3
01929.jpg,U3-10,3
01930.jpg,N,3
01931.jpg,N,3
01932.jpg,N,4
01933.jpg,N,3
01934.jpg,N,5
01935.jpg,N,4
01936.jpg,E,5
01937.jpg,N,4
01938.jpg,N,5
01939.jpg,N,3
01940.jpg,N,3
01941.jpg,N,5
01942.jpg,N,3
01943.jpg,N,1
01944.jpg,N,5
01945.jpg,N,3
01946.jpg,N,5
01947.jpg,N,1
01948.jpg,N,5
01949.jpg,N,3
01950.jpg,N,3
01951.jpg,N,5
01952.jpg,N,5
01953.jpg,N,2
01954.jpg,N,4
01955.jpg,N,4
01956.jpg,N,1
01957.jpg,N,3
01958.jpg,N,5
01959.jpg,N,1
01960.jpg,N,1
01961.jpg,N,2
01962.jpg,N,2
01963.jpg,N,3
01964.jpg,N,3
01965.jpg,N,3
01966.jpg,N,1
01967.jpg,N,1
01968.jpg,N,5
01969.jpg,N,5
01970.jpg,N,5
01971.jpg,N,3
01972.jpg,N,1
01973.jpg,N,1
01974.jpg,N,1
01975.jpg,N,2
01976.jpg,N,1
01977.jpg,N,2
01978.jpg,N,5
01979.jpg,N,4
01980.jpg,N,5
01981.jpg,N,5
01982.jpg,N,2
01983.jpg,N,4
01984.jpg,N,3
01985.jpg,N,2
01986.jpg,N,5
01987.jpg,N,1
01988.jpg,N,4
01989.jpg,N,5
01990.jpg,N,5
01991.jpg,N,3
01992.jpg,N,2
01993.jpg,N,5
01994.jpg,N,4
01995.jpg,N,2
01996.jpg,AU,5
01997.jpg,N,1
01998.jpg,U3-10,5
01999.jpg,U3-10,1
02000.jpg,O,2
02001.jpg,U>10,5
02002.jpg,O,1
02003.jpg,U3-10,5
02004.jpg,U3-10,3
02005.jpg,U3-10,1
02006.jpg,U>10,2
02007.jpg,U>10,5
02008.jpg,U3-10,3
02009.jpg,U3-10,3
02010.jpg,U3-10,2
02011.jpg,U>10,5
02012.jpg,U3-10,3
02013.jpg,U>10,1
02014.jpg,U>10,1
02015.jpg,U>10,3
02016.jpg,U>10,4
02017.jpg,U3-10,2
02018.jpg,U3-10,5
02019.jpg,U3-10,1
02020.jpg,AU,5
02021.jpg,AU,2
02022.jpg,AU,4
02023.jpg,AU,5
02024.jpg,E,4
02025.jpg,AU,5
02026.jpg,AU,2
02027.jpg,AU,5
02028.jpg,AU,4
02029.jpg,AU,4
02030.jpg,AU,4
02031.jpg,AU,5
02032.jpg,AU,4
02033.jpg,AU,2
02034.jpg,AU,1
02035.jpg,AU,5
02036.jpg,AU,2
02037.jpg,AU,3
02038.jpg,AU,1
02039.jpg,AU,2
02040.jpg,AU,2
02041.jpg,AU,4
02042.jpg,AU,4
02043.jpg,AU,2
02044.jpg,AU,1
02045.jpg,AU,4
02046.jpg,AU,4
02047.jpg,AU,1
02048.jpg,AU,2
02049.jpg,AU,2
02050.jpg,AU,1
02051.jpg,AU,2
02052.jpg,AU,2
02053.jpg,AU,4
02054.jpg,AU,2
02055.jpg,U3-10,3
02056.jpg,AU,1
02057.jpg,AU,4
02058.jpg,AU,3
02059.jpg,U3-10,1
02060.jpg,U3-10,3
02061.jpg,U3-10,2
02062.jpg,AU,1
02063.jpg,AU,2
02064.jpg,U3-10,1
02065.jpg,U3-10,2
02066.jpg,U3-10,4
02067.jpg,AU,5
02068.jpg,U3-10,1
02069.jpg,AU,4
02070.jpg,AU,5
02071.jpg,U3-10,1
02072.jpg,U3-10,2
02073.jpg,U3-10,4
02074.jpg,U3-10,5
02075.jpg,U3-10,1
02076.jpg,U3-10,2
02077.jpg,U3-10,2
02078.jpg,U3-10,5
02079.jpg,U3-10,4
02080.jpg,U3-10,5
02081.jpg,U3-10,5
02082.jpg,U3-10,2
02083.jpg,U3-10,4
02084.jpg,U3-10,1
02085.jpg,U3-10,2
02086.jpg,U3-10,3
02087.jpg,U3-10,2
02088.jpg,U3-10,1
02089.jpg,U3-10,1
02090.jpg,U3-10,5
02091.jpg,U3-10,3
02092.jpg,U3-10,1
02093.jpg,O,4
02094.jpg,O,2
02095.jpg,U3-10,2
02096.jpg,U3-10,2
02097.jpg,AU,1
02098.jpg,AU,4
02099.jpg,AU,1
02100.jpg,AU,4
02101.jpg,E,2
02102.jpg,N,3
02103.jpg,N,5
02104.jpg,N,3
02105.jpg,N,2
02106.jpg,N,2
02107.jpg,N,1
02108.jpg,N,5
02109.jpg,N,4
02110.jpg,E,5
02111.jpg,E,2
02112.jpg,N,3
02113.jpg,E,4
02114.jpg,E,5
02115.jpg,E,1
02116.jpg,E,4
02117.jpg,E,3
02118.jpg,N,2
02119.jpg,E,1
02120.jpg,E,4
02121.jpg,E,3
02122.jpg,N,3
02123.jpg,N,1
02124.jpg,O,3
02125.jpg,N,2
02126.jpg,N,2
02127.jpg,N,2
02128.jpg,N,2
02129.jpg,N,2
02130.jpg,N,1
02131.jpg,N,3
02132.jpg,N,2
02133.jpg,N,4
02134.jpg,N,2
02135.jpg,N,5
02136.jpg,N,3
02137.jpg,N,5
02138.jpg,N,5
02139.jpg,N,1
02140.jpg,N,5
02141.jpg,N,1
02142.jpg,N,5
02143.jpg,N,5
02144.jpg,N,3
02145.jpg,N,3
02146.jpg,N,5
02147.jpg,N,3
02148.jpg,N,3
02149.jpg,N,1
02150.jpg,N,1
02151.jpg,N,3
02152.jpg,N,5
02153.jpg,N,3
02154.jpg,N,1
02155.jpg,N,3
02156.jpg,N,1
02157.jpg,N,1
02158.jpg,N,3
02159.jpg,N,4
02160.jpg,N,1
02161.jpg,N,4
02162.jpg,N,5
02163.jpg,N,1
02164.jpg,N,5
02165.jpg,N,4
02166.jpg,N,1
02167.jpg,N,3
02168.jpg,N,1
02169.jpg,N,3
02170.jpg,N,3
02171.jpg,N,1
02172.jpg,N,2
02173.jpg,N,3
02174.jpg,N,3
02175.jpg,N,3
02176.jpg,N,4
02177.jpg,N,4
02178.jpg,N,1
02179.jpg,N,2
02180.jpg,N,3
02181.jpg,N,3
02182.jpg,N,1
02183.jpg,N,4
02184.jpg,N,5
02185.jpg,N,5
02186.jpg,N,3
02187.jpg,N,3
02188.jpg,N,1
02189.jpg,N,3
02190.jpg,N,5
02191.jpg,N,4
02192.jpg,N,1
02193.jpg,N,5
02194.jpg,N,4
02195.jpg,N,5
02196.jpg,N,4
02197.jpg,N,1
02198.jpg,N,3
02199.jpg,N,4
02200.jpg,N,2
02201.jpg,N,4
02202.jpg,N,4
02203.jpg,N,5
02204.jpg,N,3
02205.jpg,N,4
02206.jpg,N,3
02207.jpg,N,2
02208.jpg,N,4
02209.jpg,N,2
02210.jpg,N,5
02211.jpg,N,5
02212.jpg,N,4
02213.jpg,N,2
02214.jpg,N,4
02215.jpg,N,5
02216.jpg,N,3
02217.jpg,N,1
02218.jpg,N,3
02219.jpg,N,5
02220.jpg,N,5
02221.jpg,N,5
02222.jpg,N,1
02223.jpg,N,2
02224.jpg,N,4
02225.jpg,N,4
02226.jpg,N,5
02227.jpg,N,3
02228.jpg,N,3
02229.jpg,N,5
02230.jpg,N,4
02231.jpg,N,4
02232.jpg,N,1
02233.jpg,N,5
02234.jpg,N,3
02235.jpg,N,3
02236.jpg,N,2
02237.jpg,N,2
02238.jpg,N,5
02239.jpg,N,2
02240.jpg,N,5
02241.jpg,N,2
02242.jpg,N,1
02243.jpg,N,3
02244.jpg,N,5
02245.jpg,N,3
02246.jpg,N,5
02247.jpg,N,2
02248.jpg,N,2
02249.jpg,N,2
02250.jpg,N,2
02251.jpg,N,2
02252.jpg,N,5
02253.jpg,N,4
02254.jpg,N,3
02255.jpg,N,2
02256.jpg,N,1
02257.jpg,N,1
02258.jpg,N,5
02259.jpg,N,5
02260.jpg,N,1
02261.jpg,N,2
02262.jpg,N,5
02263.jpg,N,4
02264.jpg,N,3
02265.jpg,N,5
02266.jpg,N,4
02267.jpg,N,2
02268.jpg,N,2
02269.jpg,N,5
02270.jpg,N,5
02271.jpg,N,3
02272.jpg,N,1
02273.jpg,N,3
02274.jpg,N,1
02275.jpg,N,2
02276.jpg,N,5
02277.jpg,N,2
02278.jpg,N,4
02279.jpg,N,4
02280.jpg,N,4
02281.jpg,N,2
02282.jpg,N,3
02283.jpg,N,1
02284.jpg,N,4
02285.jpg,N,3
02286.jpg,N,2
02287.jpg,N,2
02288.jpg,N,2
02289.jpg,N,4
02290.jpg,N,1
02291.jpg,N,5
02292.jpg,N,5
02293.jpg,N,4
02294.jpg,N,4
02295.jpg,N,5
02296.jpg,N,2
02297.jpg,N,3
02298.jpg,N,5
02299.jpg,N,1
02300.jpg,N,2
02301.jpg,N,5
02302.jpg,N,3
02303.jpg,N,1
02304.jpg,N,1
02305.jpg,N,1
02306.jpg,N,3
02307.jpg,N,1
02308.jpg,N,2
02309.jpg,N,5
02310.jpg,N,5
02311.jpg,N,4
02312.jpg,N,1
02313.jpg,N,2
02314.jpg,N,2
02315.jpg,N,4
02316.jpg,N,5
02317.jpg,N,3
02318.jpg,N,5
02319.jpg,N,3
02320.jpg,N,2
02321.jpg,N,3
02322.jpg,N,1
02323.jpg,N,1
02324.jpg,N,4
02325.jpg,N,5
02326.jpg,N,2
02327.jpg,N,4
02328.jpg,N,4
02329.jpg,N,4
02330.jpg,N,4
02331.jpg,N,1
02332.jpg,N,1
02333.jpg,N,1
02334.jpg,N,2
02335.jpg,N,1
02336.jpg,N,1
02337.jpg,N,4
02338.jpg,N,4
02339.jpg,N,4
02340.jpg,N,2
02341.jpg,N,2
02342.jpg,N,5
02343.jpg,N,1
02344.jpg,N,5
02345.jpg,N,3
02346.jpg,N,4
02347.jpg,N,1
02348.jpg,N,2
02349.jpg,N,4
02350.jpg,N,4
02351.jpg,N,5
02352.jpg,N,3
02353.jpg,N,5
02354.jpg,N,5
02355.jpg,N,1
02356.jpg,N,4
02357.jpg,N,3
02358.jpg,N,2
02359.jpg,N,3
02360.jpg,N,3
02361.jpg,N,5
02362.jpg,N,1
02363.jpg,N,1
02364.jpg,N,2
02365.jpg,N,2
02366.jpg,N,1
02367.jpg,N,1
02368.jpg,N,2
02369.jpg,N,3
02370.jpg,N,5
02371.jpg,N,4
02372.jpg,N,1
02373.jpg,N,1
02374.jpg,N,5
02375.jpg,N,4
02376.jpg,N,2
02377.jpg,N,3
02378.jpg,N,5
02379.jpg,N,1
02380.jpg,N,2
02381.jpg,N,4
02382.jpg,N,2
02383.jpg,N,2
02384.jpg,N,1
02385.jpg,N,1
02386.jpg,N,3
02387.jpg,N,4
02388.jpg,N,1
02389.jpg,N,5
02390.jpg,N,1
02391.jpg,N,5
02392.jpg,N,1
02393.jpg,N,4
02394.jpg,N,5
02395.jpg,N,4
02396.jpg,N,1
02397.jpg,N,1
02398.jpg,N,3
02399.jpg,N,2
02400.jpg,N,2
02401.jpg,N,4
02402.jpg,N,1
02403.jpg,N,4
02404.jpg,N,2
02405.jpg,N,5
02406.jpg,N,1
02407.jpg,N,1
02408.jpg,N,3
02409.jpg,N,3
02410.jpg,N,1
02411.jpg,N,4
02412.jpg,N,5
02413.jpg,N,4
02414.jpg,N,2
02415.jpg,N,1
02416.jpg,N,5
02417.jpg,N,2
02418.jpg,N,5
02419.jpg,N,3
02420.jpg,N,4
02421.jpg,N,3
02422.jpg,N,2
02423.jpg,N,1
02424.jpg,N,5
02425.jpg,N,3
02426.jpg,N,5
02427.jpg,N,4
02428.jpg,N,3
02429.jpg,N,5
02430.jpg,N,1
02431.jpg,N,2
02432.jpg,N,2
02433.jpg,N,3
02434.jpg,N,1
02435.jpg,N,1
02436.jpg,N,5
02437.jpg,N,4
02438.jpg,N,1
02439.jpg,N,5
02440.jpg,N,4
02441.jpg,N,2
02442.jpg,N,2
02443.jpg,N,5
02444.jpg,N,5
02445.jpg,N,2
02446.jpg,N,1
02447.jpg,N,3
02448.jpg,N,4
02449.jpg,N,3
02450.jpg,N,1
02451.jpg,N,3
02452.jpg,N,3
02453.jpg,N,4
02454.jpg,N,3
02455.jpg,N,2
02456.jpg,O,4
02457.jpg,O,1
02458.jpg,O,1
02459.jpg,O,2
02460.jpg,O,2
02461.jpg,O,1
02462.jpg,O,1
02463.jpg,E,5
02464.jpg,E,2
02465.jpg,N,5
02466.jpg,N,2
02467.jpg,E,3
02468.jpg,E,5
02469.jpg,E,4
02470.jpg,N,1
02471.jpg,N,2
02472.jpg,E,5
02473.jpg,E,1
02474.jpg,N,5
02475.jpg,U3-10,5
02476.jpg,U3-10,5
02477.jpg,U3-10,2
02478.jpg,E,2
02479.jpg,E,5
02480.jpg,N,2
02481.jpg,N,1
02482.jpg,E,1
02483.jpg,E,3
02484.jpg,N,3
02485.jpg,N,4
02486.jpg,N,3
02487.jpg,N,3
02488.jpg,N,3
02489.jpg,N,4
02490.jpg,N,5
02491.jpg,E,3
02492.jpg,E,1
02493.jpg,N,4
02494.jpg,N,5
02495.jpg,N,3
02496.jpg,N,5
02497.jpg,N,4
02498.jpg,N,1
02499.jpg,N,1
02500.jpg,N,3
02501.jpg,N,4
02502.jpg,N,4
02503.jpg,N,3
02504.jpg,N,1
02505.jpg,N,5
02506.jpg,N,5
02507.jpg,N,4
02508.jpg,N,2
02509.jpg,N,5
02510.jpg,N,4
02511.jpg,N,5
02512.jpg,N,2
02513.jpg,N,3
02514.jpg,N,3
02515.jpg,N,1
02516.jpg,N,3
02517.jpg,N,4
02518.jpg,N,4
02519.jpg,N,3
02520.jpg,N,2
02521.jpg,N,4
02522.jpg,N,1
02523.jpg,N,4
02524.jpg,N,4
02525.jpg,N,2
02526.jpg,N,4
02527.jpg,N,1
02528.jpg,N,2
02529.jpg,N,3
02530.jpg,N,5
02531.jpg,N,4
02532.jpg,N,5
02533.jpg,N,3
02534.jpg,N,5
02535.jpg,U3-10,4
02536.jpg,U3-10,5
02537.jpg,U3-10,1
02538.jpg,O,1
02539.jpg,U3-10,5
02540.jpg,U3-10,3
02541.jpg,U3-10,5
02542.jpg,U3-10,2
02543.jpg,U3-10,4
02544.jpg,U3-10,3
02545.jpg,U3-10,1
02546.jpg,U3-10,2
02547.jpg,U3-10,4
02548.jpg,U>10,5
02549.jpg,U3-10,4
02550.jpg,U3-10,2
02551.jpg,U>10,2
02552.jpg,U>10,5
02553.jpg,U>10,2
02554.jpg,U>10,5
02555.jpg,U>10,1
02556.jpg,U>10,2
02557.jpg,U>10,1
02558.jpg,U>10,5
02559.jpg,U>10,4
02560.jpg,U3-10,1
02561.jpg,U3-10,3
02562.jpg,U3-10,1
02563.jpg,U3-10,4
02564.jpg,U3-10,1
02565.jpg,U3-10,4
02566.jpg,U3-10,2
02567.jpg,U3-10,3
02568.jpg,U3-10,1
02569.jpg,U3-10,3
02570.jpg,U3-10,1
02571.jpg,U3-10,3
02572.jpg,U3-10,4
02573.jpg,U>10,2
02574.jpg,U>10,4
02575.jpg,U>10,3
02576.jpg,U>10,5
02577.jpg,U>10,3
02578.jpg,U>10,1
02579.jpg,N,5
02580.jpg,N,3
02581.jpg,N,5
02582.jpg,N,2
02583.jpg,N,2
02584.jpg,N,3
02585.jpg,N,3
02586.jpg,N,1
02587.jpg,N,4
02588.jpg,N,2
02589.jpg,N,5
02590.jpg,N,3
02591.jpg,N,2
02592.jpg,N,4
02593.jpg,N,2
02594.jpg,N,1
02595.jpg,N,3
02596.jpg,N,4
02597.jpg,AU,2
02598.jpg,U3-10,2
02599.jpg,N,1
02600.jpg,U3-10,3
02601.jpg,U3-10,4
02602.jpg,U3-10,5
02603.jpg,U3-10,5
02604.jpg,U3-10,2
02605.jpg,U3-10,2
02606.jpg,N,3
02607.jpg,U3-10,4
02608.jpg,U3-10,2
02609.jpg,U3-10,4
02610.jpg,N,4
02611.jpg,N,2
02612.jpg,N,2
02613.jpg,N,3
02614.jpg,AU,2
02615.jpg,AU,2
02616.jpg,AU,2
02617.jpg,AU,3
02618.jpg,N,5
02619.jpg,AU,4
02620.jpg,N,4
02621.jpg,N,4
02622.jpg,N,2
02623.jpg,N,4
02624.jpg,N,4
02625.jpg,N,3
02626.jpg,N,4
02627.jpg,N,1
02628.jpg,N,1
02629.jpg,N,2
02630.jpg,N,2
02631.jpg,N,5
02632.jpg,N,1
02633.jpg,N,5
02634.jpg,N,5
02635.jpg,N,4
02636.jpg,N,1
02637.jpg,N,2
02638.jpg,N,5
02639.jpg,N,5
02640.jpg,N,1
02641.jpg,N,3
02642.jpg,N,5
02643.jpg,N,3
02644.jpg,N,4
02645.jpg,N,5
02646.jpg,N,4
02647.jpg,N,2
02648.jpg,N,1
02649.jpg,N,1
02650.jpg,N,1
02651.jpg,N,1
02652.jpg,N,5
02653.jpg,N,3
02654.jpg,N,4
02655.jpg,N,4
02656.jpg,N,3
02657.jpg,N,2
02658.jpg,N,3
02659.jpg,N,3
02660.jpg,N,5
02661.jpg,N,1
02662.jpg,N,2
02663.jpg,AU,5
02664.jpg,AU,3
02665.jpg,AU,2
02666.jpg,AU,3
02667.jpg,AU,4
02668.jpg,AU,1
02669.jpg,N,1
02670.jpg,AU,1
02671.jpg,AU,2
02672.jpg,AU,3
02673.jpg,N,2
02674.jpg,N,1
02675.jpg,N,1
02676.jpg,N,1
02677.jpg,N,5
02678.jpg,N,5
02679.jpg,N,4
02680.jpg,N,2
02681.jpg,N,5
02682.jpg,N,5
02683.jpg,N,4
02684.jpg,N,2
02685.jpg,N,4
02686.jpg,N,2
02687.jpg,N,2
02688.jpg,N,4
02689.jpg,N,4
02690.jpg,N,3
02691.jpg,N,3
02692.jpg,N,3
02693.jpg,N,4
02694.jpg,N,2
02695.jpg,N,1
02696.jpg,N,3
02697.jpg,N,3
02698.jpg,N,2
02699.jpg,N,3
02700.jpg,N,2
02701.jpg,N,3
02702.jpg,N,1
02703.jpg,N,1
02704.jpg,N,2
02705.jpg,N,1
02706.jpg,N,4
02707.jpg,N,5
02708.jpg,N,3
02709.jpg,N,5
02710.jpg,N,5
02711.jpg,N,1
02712.jpg,N,2
02713.jpg,N,5
02714.jpg,N,2
02715.jpg,N,4
02716.jpg,N,4
02717.jpg,N,2
02718.jpg,N,2
02719.jpg,N,2
02720.jpg,N,5
02721.jpg,N,5
02722.jpg,N,3
02723.jpg,N,2
02724.jpg,N,5
02725.jpg,N,5
02726.jpg,N,1
02727.jpg,N,4
02728.jpg,N,4
02729.jpg,N,1
02730.jpg,N,2
02731.jpg,N,2
02732.jpg,N,4
02733.jpg,N,2
02734.jpg,N,4
02735.jpg,N,1
02736.jpg,N,4
02737.jpg,N,2
02738.jpg,N,4
02739.jpg,N,1
02740.jpg,N,1
02741.jpg,N,2
02742.jpg,N,2
02743.jpg,N,3
02744.jpg,N,1
02745.jpg,N,3
02746.jpg,N,2
02747.jpg,N,1
02748.jpg,N,2
02749.jpg,N,2
02750.jpg,N,3
02751.jpg,N,1
02752.jpg,N,5
02753.jpg,N,1
02754.jpg,N,5
02755.jpg,N,4
02756.jpg,N,4
02757.jpg,N,1
02758.jpg,N,2
02759.jpg,N,4
02760.jpg,N,4
02761.jpg,N,4
02762.jpg,N,5
02763.jpg,N,2
02764.jpg,N,5
02765.jpg,N,2
02766.jpg,N,1
02767.jpg,U3-10,2
02768.jpg,AU,3
02769.jpg,AU,2
02770.jpg,U3-10,4
02771.jpg,N,4
02772.jpg,N,5
02773.jpg,AU,3
02774.jpg,AU,3
02775.jpg,AU,2
02776.jpg,AU,5
02777.jpg,AU,2
02778.jpg,N,1
02779.jpg,N,5
02780.jpg,N,3
02781.jpg,N,5
02782.jpg,N,1
02783.jpg,N,2
02784.jpg,N,4
02785.jpg,N,2
02786.jpg,N,3
02787.jpg,N,1
02788.jpg,N,4
02789.jpg,N,5
02790.jpg,N,2
02791.jpg,N,3
02792.jpg,N,4
02793.jpg,N,3
02794.jpg,N,1
02795.jpg,N,4
02796.jpg,N,4
02797.jpg,N,2
02798.jpg,N,2
02799.jpg,N,1
02800.jpg,N,1
02801.jpg,N,3
02802.jpg,N,2
02803.jpg,N,4
02804.jpg,N,4
02805.jpg,N,3
02806.jpg,N,2
02807.jpg,N,4
02808.jpg,N,3
02809.jpg,N,2
02810.jpg,N,5
02811.jpg,N,3
02812.jpg,N,3
02813.jpg,N,5
02814.jpg,N,4
02815.jpg,N,5
02816.jpg,N,3
02817.jpg,O,5
02818.jpg,N,2
02819.jpg,N,2
02820.jpg,N,4
02821.jpg,N,3
02822.jpg,N,2
02823.jpg,N,1
02824.jpg,N,5
02825.jpg,N,1
02826.jpg,N,4
02827.jpg,N,1
02828.jpg,N,2
02829.jpg,N,2
02830.jpg,N,4
02831.jpg,U>10,1
02832.jpg,U>10,5
02833.jpg,U>10,1
02834.jpg,U>10,5
02835.jpg,U>10,3
02836.jpg,U>10,4
02837.jpg,U>10,1
02838.jpg,U>10,5
02839.jpg,N,4
02840.jpg,U>10,2
02841.jpg,U>10,4
02842.jpg,U>10,2
02843.jpg,U>10,4
02844.jpg,U3-10,4
02845.jpg,N,1
02846.jpg,N,3
02847.jpg,N,5
02848.jpg,N,4
02849.jpg,N,1
02850.jpg,U>10,2
02851.jpg,U>10,5
02852.jpg,U>10,3
02853.jpg,U>10,4
02854.jpg,U>10,2
02855.jpg,U3-10,4
02856.jpg,U3-10,1
02857.jpg,U>10,3
02858.jpg,U>10,1
02859.jpg,U>10,4
02860.jpg,U>10,3
02861.jpg,U>10,3
02862.jpg,U>10,2
02863.jpg,U3-10,4
02864.jpg,U>10,4
02865.jpg,U>10,5
02866.jpg,U>10,4
02867.jpg,U>10,3
02868.jpg,U3-10,4
02869.jpg,U3-10,1
02870.jpg,U>10,4
02871.jpg,U>10,2
02872.jpg,U>10,1
02873.jpg,U>10,3
02874.jpg,U>10,4
02875.jpg,U3-10,5
02876.jpg,U>10,3
02877.jpg,U>10,2
02878.jpg,U>10,2
02879.jpg,U>10,2
02880.jpg,U>10,4
02881.jpg,U>10,1
02882.jpg,U>10,2
02883.jpg,U>10,1
02884.jpg,U>10,1
02885.jpg,U>10,2
02886.jpg,U>10,1
02887.jpg,U>10,3
02888.jpg,U>10,3
02889.jpg,U>10,5
02890.jpg,U>10,2
02891.jpg,U>10,5
02892.jpg,U>10,5
02893.jpg,U3-10,5
02894.jpg,U>10,4
02895.jpg,U>10,1
02896.jpg,AU,3
02897.jpg,AU,5
02898.jpg,AU,5
02899.jpg,AU,2
02900.jpg,U>10,5
02901.jpg,U3-10,4
02902.jpg,U3-10,3
02903.jpg,U3-10,1
02904.jpg,U3-10,1
02905.jpg,U3-10,5
02906.jpg,U>10,2
02907.jpg,U>10,5
02908.jpg,U>10,2
02909.jpg,U>10,5
02910.jpg,U>10,2
02911.jpg,U3-10,4
02912.jpg,U>10,3
02913.jpg,U>10,3
02914.jpg,U>10,3
02915.jpg,U>10,4
02916.jpg,U>10,2
02917.jpg,U>10,5
02918.jpg,U>10,4
02919.jpg,U>10,2
02920.jpg,U>10,2
02921.jpg,U>10,4
02922.jpg,U>10,1
02923.jpg,U>10,3
02924.jpg,U>10,5
02925.jpg,U>10,3
02926.jpg,U>10,4
02927.jpg,U>10,2
02928.jpg,U>10,3
02929.jpg,U>10,5
02930.jpg,U>10,5
02931.jpg,U>10,2
02932.jpg,U>10,1
02933.jpg,AU,4
02934.jpg,AU,2
02935.jpg,AU,5
02936.jpg,AU,5
02937.jpg,U3-10,5
02938.jpg,N,1
02939.jpg,N,2
02940.jpg,N,4
02941.jpg,N,3
02942.jpg,N,3
02943.jpg,N,5
02944.jpg,N,3
02945.jpg,N,5
02946.jpg,N,4
02947.jpg,N,4
02948.jpg,N,1
02949.jpg,N,2
02950.jpg,N,5
02951.jpg,N,2
02952.jpg,N,4
02953.jpg,N,5
02954.jpg,N,4
02955.jpg,N,1
02956.jpg,N,5
02957.jpg,N,1
02958.jpg,N,5
02959.jpg,U3-10,5
02960.jpg,AU,2
02961.jpg,AU,1
02962.jpg,N,3
02963.jpg,N,5
02964.jpg,N,4
02965.jpg,N,3
02966.jpg,N,2
02967.jpg,N,1
02968.jpg,N,5
02969.jpg,N,1
02970.jpg,AU,5
02971.jpg,AU,5
02972.jpg,AU,1
02973.jpg,AU,4
02974.jpg,AU,1
02975.jpg,AU,5
02976.jpg,U3-10,2
02977.jpg,AU,2
02978.jpg,AU,3
02979.jpg,AU,5
02980.jpg,AU,3
02981.jpg,AU,2
02982.jpg,AU,1
02983.jpg,AU,5
02984.jpg,AU,3
02985.jpg,AU,2
02986.jpg,AU,3
02987.jpg,AU,4
02988.jpg,AU,3
02989.jpg,AU,5
02990.jpg,AU,3
02991.jpg,AU,5
02992.jpg,N,3
02993.jpg,E,2
02994.jpg,N,3
02995.jpg,N,5
02996.jpg,N,1
02997.jpg,N,4
02998.jpg,N,3
02999.jpg,N,5
03000.jpg,N,3
03001.jpg,N,4
03002.jpg,N,3
03003.jpg,N,4
03004.jpg,N,2
03005.jpg,N,5
03006.jpg,N,3
03007.jpg,N,4
03008.jpg,N,4
03009.jpg,N,3
03010.jpg,N,4
03011.jpg,N,5
03012.jpg,N,5
03013.jpg,N,3
03014.jpg,N,2
03015.jpg,N,4
03016.jpg,N,2
03017.jpg,N,4
03018.jpg,N,5
03019.jpg,N,3
03020.jpg,N,3
03021.jpg,N,5
03022.jpg,N,2
03023.jpg,N,2
03024.jpg,N,3
03025.jpg,N,2
03026.jpg,N,3
03027.jpg,N,3
03028.jpg,N,4
03029.jpg,N,5
03030.jpg,N,3
03031.jpg,N,5
03032.jpg,N,5
03033.jpg,N,1
03034.jpg,N,3
03035.jpg,N,1
03036.jpg,N,5
03037.jpg,N,4
03038.jpg,N,1
03039.jpg,N,5
03040.jpg,N,3
03041.jpg,N,1
03042.jpg,N,1
03043.jpg,N,4
03044.jpg,N,5
03045.jpg,N,1
03046.jpg,N,2
03047.jpg,N,4
03048.jpg,N,5
03049.jpg,N,4
03050.jpg,N,3
03051.jpg,N,2
03052.jpg,U3-10,3
03053.jpg,N,3
03054.jpg,N,5
03055.jpg,N,3
03056.jpg,N,2
03057.jpg,N,3
03058.jpg,N,1
03059.jpg,N,5
03060.jpg,N,5
03061.jpg,N,4
03062.jpg,N,3
03063.jpg,N,5
03064.jpg,N,4
03065.jpg,N,4
03066.jpg,N,1
03067.jpg,N,3
03068.jpg,N,1
03069.jpg,N,4
03070.jpg,N,5
03071.jpg,N,5
03072.jpg,N,4
03073.jpg,N,3
03074.jpg,N,3
03075.jpg,N,2
03076.jpg,N,1
03077.jpg,N,5
03078.jpg,N,5
03079.jpg,N,1
03080.jpg,N,2
03081.jpg,N,5
03082.jpg,N,5
03083.jpg,N,4
03084.jpg,N,4
03085.jpg,N,4
03086.jpg,N,3
03087.jpg,N,5
03088.jpg,N,5
03089.jpg,N,1
03090.jpg,N,3
03091.jpg,N,5
03092.jpg,N,1
03093.jpg,N,2
03094.jpg,N,1
03095.jpg,N,1
03096.jpg,N,1
03097.jpg,N,5
03098.jpg,N,4
03099.jpg,N,2
03100.jpg,O,5
03101.jpg,N,3
03102.jpg,N,4
03103.jpg,U3-10,2
03104.jpg,S,4
03105.jpg,U>10,2
03106.jpg,U>10,5
03107.jpg,N,2
03108.jpg,U>10,4
03109.jpg,S,4
03110.jpg,U>10,4
03111.jpg,S,3
03112.jpg,S,2
03113.jpg,S,1
03114.jpg,S,2
03115.jpg,U>10,3
03116.jpg,U>10,3
03117.jpg,S,4
03118.jpg,U>10,4
03119.jpg,U>10,2
03120.jpg,U>10,5
03121.jpg,U3-10,3
03122.jpg,U3-10,4
03123.jpg,U3-10,1
03124.jpg,U3-10,4
03125.jpg,U3-10,4
03126.jpg,U3-10,5
03127.jpg,U3-10,5
03128.jpg,U3-10,1
03129.jpg,U3-10,4
03130.jpg,U>10,5
03131.jpg,U>10,4
03132.jpg,U3-10,2
03133.jpg,U3-10,2
03134.jpg,U3-10,2
03135.jpg,U3-10,3
03136.jpg,U>10,5
03137.jpg,U3-10,3
03138.jpg,U3-10,4
03139.jpg,U3-10,5
03140.jpg,U3-10,3
03141.jpg,O,1
03142.jpg,U3-10,1
03143.jpg,U3-10,3
03144.jpg,U3-10,1
03145.jpg,U3-10,2
03146.jpg,O,1
03147.jpg,N,4
03148.jpg,N,1
03149.jpg,N,5
03150.jpg,N,4
03151.jpg,N,5
03152.jpg,N,2
03153.jpg,N,3
03154.jpg,N,1
03155.jpg,N,5
03156.jpg,E,3
03157.jpg,N,5
03158.jpg,N,3
03159.jpg,N,5
03160.jpg,N,2
03161.jpg,N,2
03162.jpg,N,1
03163.jpg,N,2
03164.jpg,N,1
03165.jpg,N,2
03166.jpg,N,2
03167.jpg,N,3
03168.jpg,N,3
03169.jpg,N,1
03170.jpg,N,3
03171.jpg,N,1
03172.jpg,N,1
03173.jpg,N,5
03174.jpg,N,4
03175.jpg,N,4
03176.jpg,N,4
03177.jpg,N,1
03178.jpg,N,3
03179.jpg,N,2
03180.jpg,N,5
03181.jpg,N,2
03182.jpg,N,3
03183.jpg,N,2
03184.jpg,N,1
03185.jpg,N,5
03186.jpg,N,3
03187.jpg,N,1
03188.jpg,N,4
03189.jpg,N,2
03190.jpg,N,3
03191.jpg,N,2
03192.jpg,N,1
03193.jpg,N,4
03194.jpg,N,5
03195.jpg,N,1
03196.jpg,N,5
03197.jpg,N,3
03198.jpg,N,1
03199.jpg,N,5
03200.jpg,N,1
03201.jpg,N,4
03202.jpg,N,3
03203.jpg,N,3
03204.jpg,N,4
03205.jpg,N,4
03206.jpg,N,3
03207.jpg,N,1
03208.jpg,N,2
03209.jpg,N,4
03210.jpg,N,2
03211.jpg,N,5
03212.jpg,N,1
03213.jpg,N,3
03214.jpg,N,2
03215.jpg,N,3
03216.jpg,N,2
03217.jpg,N,4
03218.jpg,N,1
03219.jpg,N,4
03220.jpg,N,2
03221.jpg,N,1
03222.jpg,N,5
03223.jpg,N,5
03224.jpg,N,4
03225.jpg,N,5
03226.jpg,N,4
03227.jpg,N,1
03228.jpg,N,1
03229.jpg,N,3
03230.jpg,N,3
03231.jpg,N,1
03232.jpg,N,2
03233.jpg,N,5
03234.jpg,N,5
03235.jpg,N,3
03236.jpg,N,3
03237.jpg,N,4
03238.jpg,U>10,3
03239.jpg,U>10,2
03240.jpg,N,4
03241.jpg,AU,3
03242.jpg,AU,2
03243.jpg,N,3
03244.jpg,N,3
03245.jpg,N,3
03246.jpg,N,1
03247.jpg,N,1
03248.jpg,N,1
03249.jpg,N,3
03250.jpg,N,3
03251.jpg,N,2
03252.jpg,N,1
03253.jpg,N,4
03254.jpg,N,3
03255.jpg,N,1
03256.jpg,N,2
03257.jpg,N,4
03258.jpg,N,4
03259.jpg,N,4
03260.jpg,N,4
03261.jpg,N,3
03262.jpg,N,4
03263.jpg,N,3
03264.jpg,N,2
03265.jpg,N,1
03266.jpg,N,4
03267.jpg,N,3
03268.jpg,N,2
03269.jpg,N,3
03270.jpg,N,3
03271.jpg,N,4
03272.jpg,N,2
03273.jpg,E,1
03274.jpg,E,4
03275.jpg,E,3
03276.jpg,E,5
03277.jpg,N,5
03278.jpg,AU,2
03279.jpg,AU,1
03280.jpg,E,1
03281.jpg,E,2
03282.jpg,N,4
03283.jpg,N,1
03284.jpg,N,5
03285.jpg,N,3
03286.jpg,AU,5
03287.jpg,AU,5
03288.jpg,AU,2
03289.jpg,AU,2
03290.jpg,U3-10,1
03291.jpg,U3-10,1
03292.jpg,N,2
03293.jpg,N,3
03294.jpg,U3-10,1
03295.jpg,U3-10,5
03296.jpg,N,5
03297.jpg,N,4
03298.jpg,N,1
03299.jpg,N,5
03300.jpg,N,3
03301.jpg,AU,1
03302.jpg,N,1
03303.jpg,N,2
03304.jpg,AU,1
03305.jpg,AU,1
03306.jpg,AU,2
03307.jpg,AU,1
03308.jpg,AU,5
03309.jpg,AU,3
03310.jpg,AU,5
03311.jpg,AU,2
03312.jpg,AU,3
03313.jpg,AU,3
03314.jpg,N,5
03315.jpg,N,5
03316.jpg,N,4
03317.jpg,N,4
03318.jpg,N,5
03319.jpg,N,3
03320.jpg,N,1
03321.jpg,N,1
03322.jpg,N,3
03323.jpg,N,1
03324.jpg,N,3
03325.jpg,N,2
03326.jpg,N,2
03327.jpg,N,3
03328.jpg,N,1
03329.jpg,E,2
03330.jpg,N,3
03331.jpg,E,3
03332.jpg,N,4
03333.jpg,N,2
03334.jpg,N,1
03335.jpg,N,3
03336.jpg,N,3
03337.jpg,N,5
03338.jpg,N,3
03339.jpg,N,4
03340.jpg,U3-10,1
03341.jpg,U3-10,5
03342.jpg,U3-10,3
03343.jpg,U3-10,2
03344.jpg,U3-10,3
03345.jpg,AU,5
03346.jpg,U3-10,2
03347.jpg,AU,5
03348.jpg,AU,1
03349.jpg,AU,5
03350.jpg,AU,2
03351.jpg,O,3
03352.jpg,AU,4
03353.jpg,U3-10,4
03354.jpg,N,5
03355.jpg,N,4
03356.jpg,N,2
03357.jpg,N,4
03358.jpg,N,4
03359.jpg,N,5
03360.jpg,N,4
03361.jpg,N,3
03362.jpg,N,1
03363.jpg,N,3
03364.jpg,N,4
03365.jpg,E,4
03366.jpg,U3-10,5
03367.jpg,N,1
03368.jpg,N,4
03369.jpg,N,5
03370.jpg,U>10,4
03371.jpg,N,4
03372.jpg,N,2
03373.jpg,U3-10,2
03374.jpg,E,3
03375.jpg,O,5
03376.jpg,N,1
03377.jpg,E,4
03378.jpg,N,1
03379.jpg,N,5
03380.jpg,N,4
03381.jpg,N,5
03382.jpg,N,4
03383.jpg,N,5
03384.jpg,U>10,4
03385.jpg,N,1
03386.jpg,N,3
03387.jpg,N,4
03388.jpg,N,5
03389.jpg,N,4
03390.jpg,N,1
03391.jpg,N,2
03392.jpg,N,4
03393.jpg,N,1
03394.jpg,N,2
03395.jpg,N,3
03396.jpg,E,4
03397.jpg,N,3
03398.jpg,N,3
03399.jpg,S,5
03400.jpg,N,3
03401.jpg,N,2
03402.jpg,S,3
03403.jpg,N,5
03404.jpg,N,3
03405.jpg,N,1
03406.jpg,N,2
03407.jpg,AU,4
03408.jpg,N,1
03409.jpg,O,2
03410.jpg,AU,1
03411.jpg,AU,4
03412.jpg,N,1
03413.jpg,N,1
03414.jpg,N,5
03415.jpg,N,5
03416.jpg,N,4
03417.jpg,N,3
03418.jpg,N,5
03419.jpg,U3-10,5
03420.jpg,N,5
03421.jpg,N,4
03422.jpg,N,1
03423.jpg,E,2
03424.jpg,N,1
03425.jpg,N,4
03426.jpg,O,3
03427.jpg,N,4
03428.jpg,N,5
03429.jpg,N,5
03430.jpg,N,1
03431.jpg,N,2
03432.jpg,N,5
03433.jpg,N,3
03434.jpg,N,4
03435.jpg,N,1
03436.jpg,N,5
03437.jpg,AU,4
03438.jpg,N,1
03439.jpg,N,4
03440.jpg,N,5
03441.jpg,N,1
03442.jpg,N,3
03443.jpg,N,1
03444.jpg,N,3
03445.jpg,N,1
03446.jpg,N,2
03447.jpg,N,4
03448.jpg,N,2
03449.jpg,U3-10,1
03450.jpg,O,1
03451.jpg,N,2
03452.jpg,N,1
03453.jpg,N,4
03454.jpg,N,3
03455.jpg,U>10,1
03456.jpg,N,4
03457.jpg,N,1
03458.jpg,N,4
03459.jpg,N,2
03460.jpg,AU,1
03461.jpg,N,1
03462.jpg,N,5
03463.jpg,N,2
03464.jpg,N,3
03465.jpg,N,4
03466.jpg,N,2
03467.jpg,N,3
03468.jpg,N,2
03469.jpg,N,4
03470.jpg,AU,5
03471.jpg,N,2
03472.jpg,N,4
03473.jpg,N,4
03474.jpg,N,4
03475.jpg,N,3
03476.jpg,N,4
03477.jpg,U3-10,3
03478.jpg,AU,1
03479.jpg,N,1
03480.jpg,N,4
03481.jpg,N,4
03482.jpg,AU,3
03483.jpg,N,4
03484.jpg,N,1
03485.jpg,N,2
03486.jpg,N,3
03487.jpg,N,3
03488.jpg,N,4
03489.jpg,N,2
03490.jpg,N,4
03491.jpg,N,1
03492.jpg,N,1
03493.jpg,U3-10,1
03494.jpg,N,3
03495.jpg,E,4
03496.jpg,N,1
03497.jpg,U3-10,3
03498.jpg,N,5
